-- COUNTRY
INSERT INTO country (id, name, code, language) VALUES
('192a5671-5a5b-4116-b0f5-fc236db0cfc6', 'Brazil', 'BRA', 'pt-br'),
('859edc30-0316-4a2e-9081-cd9482cc273c', 'Canada', 'CAN', 'en-ca'),
('4d8050d7-a046-48e2-a011-7f84faf2712e', 'England', 'GBR', 'en-gb'),
('5d790a13-cfb9-4f73-a219-e1c2c0ec98b5', 'United States', 'USA', 'en-us');

-- PUBLISHER
INSERT INTO publisher (id, name, description, country_id) VALUES
('d9cf51e6-80d6-4e7c-9c9d-42d9a0429a5f', 'Scipione', 'Editora de livros didáticos brasileiros, fundada pelo professor Scipione Di Piero Netto', '192a5671-5a5b-4116-b0f5-fc236db0cfc6'),
('31ad7650-8f86-4348-8b8a-aa2bd7aee504', 'Ática', 'Editora de livros didáticos fundada por Antonio Narvaes Filho e os irmãos Anderson e Vasco Fernandes Dias, inicialmente como Curso de Madureza Santa Ines, para educação de jovens e adultos', '192a5671-5a5b-4116-b0f5-fc236db0cfc6'),
('50bdb0da-ad3b-42a3-92a3-0fdc620224d9', 'Seguinte', 'O selo jovem da Companhia das Letras', '192a5671-5a5b-4116-b0f5-fc236db0cfc6');
-- COLLECTION
INSERT INTO collection (id, name, description, publisher_id) VALUES
('d4a04a56-dcff-4acd-8d11-4375dbc8f813', 'Vaga-Lume', 'Coleção de livros com temática e dilemas da juventude', '31ad7650-8f86-4348-8b8a-aa2bd7aee504'),
('892a998f-4d8e-40d4-abd3-a495a5f757b4', 'Pedra no Caminho', 'Coleção infantil interativa, com estórias ilustradas recheadas de desafios e quebra-cabeças', 'd9cf51e6-80d6-4e7c-9c9d-42d9a0429a5f'),
('304be0f2-1fdb-4acd-ad4d-94e0e32c174e', 'Salve-se Quem Puder', 'Coleção infanto juvenil interativa, com estórias ilustradas recheadas de desafios e quebra-cabeças', 'd9cf51e6-80d6-4e7c-9c9d-42d9a0429a5f');
-- AUTHOR
INSERT INTO author (id, name, birthday, country_id) VALUES
('3d5bd138-6a90-4850-8aec-9c83fdb8350b', 'Susannah Leigh', null, '859edc30-0316-4a2e-9081-cd9482cc273c'),
('a4ba3b71-e298-4c72-bac6-72a1e4e6ffdc', 'Mark Burgess', '1957-04-26', '4d8050d7-a046-48e2-a011-7f84faf2712e'),
('d1a84c40-a018-4133-8a5b-8f180db97771', 'Martin Oliver', null, '4d8050d7-a046-48e2-a011-7f84faf2712e'),
('93737fe1-17b9-4dda-abf9-0231f002a1ff', 'Justin Somper', null, '4d8050d7-a046-48e2-a011-7f84faf2712e'),
('c03b54ec-16d1-45d3-9905-de73aa0a3899', 'Karen Dolby', null, '4d8050d7-a046-48e2-a011-7f84faf2712e'),
('d483ac1e-381f-463b-8df5-1bfe880fb82a', 'Marçal Aquino', '1958-01-28', '192a5671-5a5b-4116-b0f5-fc236db0cfc6'),
('adb94b9b-cbe5-43b9-a02f-d6720d40a13d', 'Sersi Bardari', null, '192a5671-5a5b-4116-b0f5-fc236db0cfc6'),
('806c5e0f-6768-4f58-b90c-068fa89a210c', 'Lucia Machado de Almeida', '1910-05-09', '192a5671-5a5b-4116-b0f5-fc236db0cfc6'),
('ffb8a5ae-558f-4dfd-a872-a234b9a031d4', 'Rosana Bond', null, '192a5671-5a5b-4116-b0f5-fc236db0cfc6'),
('95b7f3de-af80-4839-92cd-dd307f82637d', 'Jules Feiffer', '1929-01-06', '5d790a13-cfb9-4f73-a219-e1c2c0ec98b5');

-- BOOK
INSERT INTO book (id, title, isbn, summary, edition_type, edition_number, author_id, publisher_id, collection_id) VALUES
('1f2e9333-582d-41fe-a452-59114f44552e', 'Vamos acampar!', '9788526235878', 'Katu e Peri recebem um convite de Goya Bhada para um acampamento fantástico, repleto de brincadeiras e desafios. Neles, há um monte de coisas estranhas e diferentes a serem encontradas', 'EDITION', 1, '3d5bd138-6a90-4850-8aec-9c83fdb8350b', 'd9cf51e6-80d6-4e7c-9c9d-42d9a0429a5f', '892a998f-4d8e-40d4-abd3-a495a5f757b4'),
('b7773cb1-93d4-4be6-bdd3-dad9aed696c8', 'O planeta vermelho', '9788526226234', 'O jovem astronauta Tico é convidado, pelo Professor Lunar, à mostrar suas qualidades de astronauta em uma viagem ao Planeta Vermelho. Tico leva Bip, seu robocão, e eles envolvem-se em muitas aventuras. Em cada local desse planeta é preciso ter muito cuidado com o malvado Lee Mão Azedo e seu satélite-espião', 'EDITION', 1, '3d5bd138-6a90-4850-8aec-9c83fdb8350b', 'd9cf51e6-80d6-4e7c-9c9d-42d9a0429a5f', '892a998f-4d8e-40d4-abd3-a495a5f757b4'),
('3e370031-88e4-42d8-9904-bd9064985c47', 'A montanha nevada', '9788526226265', 'A jovem montanhista Kika resolve realizar um feito inédito: chegar ao topo da Montanha Nevada. Para percorrer esse caminho difícil, Kika leva seu cachorrinho Bernardo. Ao chegar ao topo, Kika precisa trazer uma foto da raríssima flor Brinco da Rainha como prova de que alcançou o seu objetivo', 'EDITION', 3, '3d5bd138-6a90-4850-8aec-9c83fdb8350b', 'd9cf51e6-80d6-4e7c-9c9d-42d9a0429a5f', '304be0f2-1fdb-4acd-ad4d-94e0e32c174e'),
('dc469c44-c0e5-4348-b3e1-4fd26c3b74b2', 'A Escola Legal', '9788526233959', 'Todas as classes da Escola Legal irão fazer um passeio ao Parque dos Dinossauros. Dona Tonieta, a professora de Pedro, não poderá comparecer e será substituída pela atrapalhada Dona Malu. O passeio é incrível! Pedro e seus amigos aprendem muitas coisas interessantes sobre os animais pré-históricos. Mas eles precisam encontrar os objetos que Dona Malu perdeu. E tem Beta e Lalá, dois alunos bem levados que aprontam muito', 'EDITION', 1, '3d5bd138-6a90-4850-8aec-9c83fdb8350b', 'd9cf51e6-80d6-4e7c-9c9d-42d9a0429a5f', '892a998f-4d8e-40d4-abd3-a495a5f757b4'),
('23b77005-7b13-407b-90e2-0b8b66f6d26c', 'A Cidade Divertida', '9788526226241', 'A Cidade Divertida vai comemorar seu aniversário em grande estilo: uma festa à fantasia. Kátia e Paulo foram convidados, mas não sabem como chegar ao local da festa. Eles contam com a ajuda do leitor para seguir as instruções do Duende da Festa', 'EDITION', 1, '3d5bd138-6a90-4850-8aec-9c83fdb8350b', 'd9cf51e6-80d6-4e7c-9c9d-42d9a0429a5f', '304be0f2-1fdb-4acd-ad4d-94e0e32c174e'),
('6493df67-00e2-4892-9fd4-f52258496a9d', 'A Mata Virgem', '9788526233966', 'É dia de concurso de pipas na Mata Virgem! Malu vai participar, mesmo não sendo criança; essa espertalhona planeja roubar o precioso Pássaro Planador e tirar suas penas para fazer uma pipa que voe mais alto do que todas as outras. Rafa, Juju e Didi querem impedir que ela faça isso, mas têm de atravessar rios, escalar cipós e fugir dos animais selvagens ao longo do caminho', 'EDITION', 1, '3d5bd138-6a90-4850-8aec-9c83fdb8350b', 'd9cf51e6-80d6-4e7c-9c9d-42d9a0429a5f', '892a998f-4d8e-40d4-abd3-a495a5f757b4'),
('5d32c09e-bff2-4e40-aaf0-6461ee8fae2c', 'Em busca do Templo Perdido', '9788526218949', 'Para ajudar a decifrar o mistério do roubo de uma antiga máscara de grande valor artístico a famosa exploradora Ilka Brito pede a ajuda dos seus jovens amigos Luca e Bia. Os três embrenham-se em uma densa floresta tropical dispostos a vencer todos os desafios naturais e sobrenaturais para encontrar o Templo Perdido e descobrir o seu legendário segredo', 'EDITION', 7, '3d5bd138-6a90-4850-8aec-9c83fdb8350b', 'd9cf51e6-80d6-4e7c-9c9d-42d9a0429a5f', '304be0f2-1fdb-4acd-ad4d-94e0e32c174e'),
('566398b6-6537-433a-b79b-a81a46157ea6', 'Motim na Baia dos Ossos', '9788526229990', 'Os planos sem compromisso de Max e Mini de passar um dia na praia acabaram se transformando numa grande aventura. Levados de volta no tempo, os dois jovens são forçados a trabalhar num navio chamado Bezerro Desmamado e a superar dificuldades de um motim da tripulação. Abandonados à própria sorte numa ilha deserta, suas aventuras tinham apenas começado', 'EDITION', 2, 'a4ba3b71-e298-4c72-bac6-72a1e4e6ffdc', 'd9cf51e6-80d6-4e7c-9c9d-42d9a0429a5f', '304be0f2-1fdb-4acd-ad4d-94e0e32c174e'),
('a5461d01-3f73-42de-9339-31ec3027194c', 'A cidade submersa', '9788526225879', 'A descoberta de um velho galeão naufragado faz com que um famoso arqueólogo e seus dois jovens sobrinhos mergulhem numa emocionante aventura. Mil e uma divertidas emoções esperam por quem mergulha em busca da lendária cidade', 'EDITION', 3, 'd1a84c40-a018-4133-8a5b-8f180db97771', 'd9cf51e6-80d6-4e7c-9c9d-42d9a0429a5f', '304be0f2-1fdb-4acd-ad4d-94e0e32c174e'),
('109f33c3-2633-4ec3-9227-2961572053f1', 'O ônibus das estrelas', '9788526218963', 'O Ônibus das Estrelas leva você a uma incrível viagem a galáxias nunca exploradas e planetas desconhecidos, espalhados pelo vasto espaço sideral.Junte-se a Rafa, Jane e seus amigos extraterrestres em sua fantástica odisséia', 'EDITION', 6, 'd1a84c40-a018-4133-8a5b-8f180db97771', 'd9cf51e6-80d6-4e7c-9c9d-42d9a0429a5f', '304be0f2-1fdb-4acd-ad4d-94e0e32c174e'),
('adf0dd2e-aafa-4466-a2b0-2b595fc03b91', 'O agente Ésse Secreto na selva', '9788526218925', 'Cecil é o mais jovem recruta da Agência Ação, uma organização secreta de âmbito mundial dedicada à luta contra o crime e à solução de casos misteriosos. A história segue sua  primeira missão que o leva ao interior de uma floresta tropical. Lá ele enfrenta mil perigos, inimigos e desafios numa aventura inesquecível', 'EDITION', 6, 'd1a84c40-a018-4133-8a5b-8f180db97771', 'd9cf51e6-80d6-4e7c-9c9d-42d9a0429a5f', '304be0f2-1fdb-4acd-ad4d-94e0e32c174e'),
('eda3bd61-2ae7-4e27-98f7-7fc52e6d9dd7', 'O agente Ésse Secreto no deserto', '9788526234352', 'O jovem Agente Ésse Creto Cecil está de volta, enfrentando mais uma vez inúmeros inimigos numa aventura cheia de desafios e muita ação. Desta vez, a Agência Ação o envia ao coração do deserto do Ary Zona, onde a famigerada organização Kash K. Vel prepara-se para lançar duas sinistras operações', 'EDITION', 1, 'd1a84c40-a018-4133-8a5b-8f180db97771', 'd9cf51e6-80d6-4e7c-9c9d-42d9a0429a5f', '304be0f2-1fdb-4acd-ad4d-94e0e32c174e'),
('045e7cb2-a688-4c45-84d0-2b68704ff039', 'O segredo da pirâmide', '9788526264397', 'Os irmãos Gal e Gil viajam ao Egito para passar as férias na companhia do pai, um famoso historiador que participa de uma escavação na vila da rica proprietária Tália Fortuna. Mas a viagem tem uma reviravolta quando eles resolvem seguir os rastros do tesouro de um antigo faraó e se vêem envolvidos numa aventura de mistério e sabotagem', 'EDITION', 1, '93737fe1-17b9-4dda-abf9-0231f002a1ff', 'd9cf51e6-80d6-4e7c-9c9d-42d9a0429a5f', '304be0f2-1fdb-4acd-ad4d-94e0e32c174e'),
('eea6c61e-964f-4533-83f8-a578dc9d8744', 'O fantasma do espelho', '9788526218918', 'Ana, Trico e Dudu resolvem investigar o interior da Mansão Dimais. Misteriosos acontecimentos se sucedem - portas se fecham, passagens secretas surgem, um fantasma aparece... Os três garotos não se deixam amedrontar e, após grandes e divertidas emoções, descobrem toda a verdade a respeito do Fantasma do Espelho', 'EDITION', 7, 'c03b54ec-16d1-45d3-9905-de73aa0a3899', 'd9cf51e6-80d6-4e7c-9c9d-42d9a0429a5f', '304be0f2-1fdb-4acd-ad4d-94e0e32c174e'),
('1cb55838-e8ec-4580-be75-ebc8690754ed', 'O jogo do Camaleão', '9788508040162', 'O desejo de encontrar o pai desconhecido leva Ricardo a desembarcar em Belo Horizonte, onde se vê envolvido numa guerra entre quadrilhas', 'EDITION', 4, 'd483ac1e-381f-463b-8df5-1bfe880fb82a', '31ad7650-8f86-4348-8b8a-aa2bd7aee504', 'd4a04a56-dcff-4acd-8d11-4375dbc8f813'),
('033a20a5-2c6b-4d03-9410-8e2f2e5c7985', 'A maldição do tesouro do faraó', '9788508181797', 'Os irmãos Roxana e Ciro têm um grande plano para as férias: vão viajar com o pai, Péricles, professor de História, para e Londres e Egito. Ao ler um guia de viagem, Ciro descobre a lenda da maldição do faraó', 'EDITION', 7, 'adb94b9b-cbe5-43b9-a02f-d6720d40a13d', '31ad7650-8f86-4348-8b8a-aa2bd7aee504', 'd4a04a56-dcff-4acd-8d11-4375dbc8f813'),
('2d4fcb81-ce6a-4446-8d6b-9b6830732a60', 'Ameaça nas trilhas do tarô', '9788508040155', 'A angústia de Carolina diante dos perigos anunciados pelas cartas de Tarô é o começo de uma reflexão que a conduz ao amadurecimento', 'EDITION', 2, 'adb94b9b-cbe5-43b9-a02f-d6720d40a13d', '31ad7650-8f86-4348-8b8a-aa2bd7aee504', 'd4a04a56-dcff-4acd-8d11-4375dbc8f813'),
('00e5b487-1183-441b-8fde-df68226be453', 'O escaravelho do diabo', '9788508173532', 'A única pista que Alberto tem sobre a série de assassinatos que está acontecendo é que vítimas ruivas recebem um escaravelho pelo correio antes de morrer. Ele precisa descobrir o que está por trás desses crimes misteriosos antes que outras mortes ocorram na cidade', 'EDITION', 28, '806c5e0f-6768-4f58-b90c-068fa89a210c', '31ad7650-8f86-4348-8b8a-aa2bd7aee504', 'd4a04a56-dcff-4acd-8d11-4375dbc8f813'),
('cb90f9cd-10a7-4171-9569-1dc864eccf5a', 'A magia da árvore luminosa', '9788508184651', 'A turma da Bernunça vai conhecer a Ilha da Luna, um paraíso natural, fonte de lendas sombrias. Eles encontram uma estranha árvore luminosa e, em uma jornada fantástica, descobrem uma ameaça ecológica. Com a ajuda da comunidade, lutam pela preservação do lugar', 'EDITION', 6, 'ffb8a5ae-558f-4dfd-a872-a234b9a031d4', '31ad7650-8f86-4348-8b8a-aa2bd7aee504', 'd4a04a56-dcff-4acd-8d11-4375dbc8f813'),
('7225b292-93c5-449b-8e50-4eee204cb394', 'O Homem no Teto', '9788571644618', 'A saga de Jimmy, o menino cartunista, é também a história de uma família; o pai e a mãe de Jimmy; Lisi e Susu, suas irmãs; e, talvez o mais importante de todos, Tio Lester, que escreve tentativas fracassadas de musicais para a Broadway e cujo único sonho é o mesmo de Jimmy: ser reconhecido por aquilo que é o que mais gosta de fazer. O fracasso, Jimmy fica sabendo, faz parte do caminho que leva à vitória', 'EDITION', 1, '95b7f3de-af80-4839-92cd-dd307f82637d', '50bdb0da-ad3b-42a3-92a3-0fdc620224d9', null);
